Date,Home Team,Home Score,Away Team,Away Score
2022-11-14,Pacific Collegiate,0,Scotts Valley,6
2022-11-15,More,3,Anzar,0
2022-11-16,ACE Charter,0,Del Mar,10
2022-11-17,Gonzales,0,Santa Catalina,0
2022-11-17,Anzar,0,Monte Vista Christian,6
2022-11-17,More,3,Hill,0
2022-11-21,CCPA,2,Pajaro Valley,11
2022-11-21,Notre Dame,0,Gonzales,0
2022-11-21,Everett Alvarez,2,Rancho San Juan,0
2022-11-22,Branham,1,Monta Vista,0
2022-11-22,San Lorenzo Valley,1,Half Moon Bay,3
2022-11-22,Everett Alvarez,9,King City,0
2022-11-22,Notre Dame,1,Hillsdale,0
2022-11-22,DCP El Primero,0,San Jose,10
2022-11-23,SHCP,2,Archbishop Riordan,0
2022-11-23,James Lick,9,Del Mar,0
2022-11-26,Rancho San Juan,1,Monterey,2
2022-11-26,Alisal,5,Monte Vista Christian,0
2022-11-26,Soledad,11,CCPA,0
2022-11-28,Pajaro Valley,9,CCPA,1
2022-11-28,Design Tech,0,Crystal Springs Uplands,5
2022-11-28,Monterey,6,San Lorenzo Valley,0
2022-11-29,Capuchino,1,Notre Dame,5
2022-11-29,Canyon Crest Academy,2,Pacific Ridge,0
2022-11-29,Notre Dame,0,Presentation,6
2022-11-29,Oceana,-1,Gateway,-1
2022-11-29,The Nueva School,1,Mercy,2
2022-11-29,Pinewood,5,More,0
2022-11-29,KIPP San Jose Collegiate,0,Monta Vista,9
2022-11-29,Gunn,4,King's Academy,0
2022-11-29,Scotts Valley,0,Harker,4
2022-11-29,Archbishop Riordan,1,Terra Nova,3
2022-11-29,San Mateo,0,Hillsdale,1
2022-11-29,Mills,0,Burlingame,11
2022-11-29,Design Tech,0,Aragon,15
2022-11-29,Sacred Heart Prep,2,Sequoia,2
2022-11-29,Menlo-Atherton,2,South San Francisco,0
2022-11-29,Half Moon Bay,0,Woodside,4
2022-11-29,Santa Cruz,4,Monte Vista Christian,1
2022-11-29,Milpitas,0,Prospect,1
2022-11-29,Gonzales,1,King City,2
2022-11-29,Lincoln,4,Carlmont,2
2022-11-29,Menlo School,9,Cupertino,0
2022-11-29,Gilroy,0,Christopher,1
2022-11-29,Los Gatos,4,Mountain View,2
2022-11-29,Overfelt,0,Leland,9
2022-11-29,Soquel,0,Hollister,4
2022-11-29,Santa Teresa,0,Pioneer,5
2022-11-29,Hill,0,Ann Sobrato,10
2022-11-29,Del Mar,0,Westmont,7
2022-11-29,KIPP Esperanza,1,Summit Preparatory,0
2022-11-30,SHCP,0,Lowell,0
2022-11-30,Anzar,0,York,7
2022-11-30,Beacon Hill,0,Santa Clara,14
2022-11-30,Branham,2,Homestead,2
2022-11-30,Soledad,7,Harbor,1
2022-11-30,North Monterey County,0,Scotts Valley,3
2022-11-30,Oakwood,2,DCP El Primero,0
2022-11-30,San Lorenzo Valley,0,Rancho San Juan,4
2022-11-30,James Lick,4,Silver Creek,4
2022-11-30,Cindy Avitia,0,Cristo Rey,2
2022-12-01,South San Francisco,0,Mercy,1
2022-12-01,The Nueva School,3,Castilleja,2
2022-12-01,Lincoln,6,Monta Vista,0
2022-12-01,Cupertino,-1,King's Academy,-1
2022-12-01,Mills,2,Capuchino,4
2022-12-01,Menlo School,1,Sequoia,2
2022-12-01,Crystal Springs Uplands,0,Aragon,1
2022-12-01,Archbishop Mitty,4,Carlmont,0
2022-12-01,El Camino,0,Half Moon Bay,1
2022-12-01,Terra Nova,0,Woodside,6
2022-12-01,Hillsdale,0,Saint Francis,1
2022-12-01,Santa Cruz,2,Alisal,1
2022-12-01,Sacred Heart Prep,0,Menlo-Atherton,3
2022-12-01,Archbishop Riordan,0,Gunn,4
2022-12-01,Pioneer,0,Valley Christian,1
2022-12-01,DCP El Primero,0,Hill,2
2022-12-01,San Mateo,2,Santa Clara,0
2022-12-01,Leland,2,Palo Alto,1
2022-12-01,Westmont,0,Ann Sobrato,2
2022-12-01,Pajaro Valley,0,Watsonville,0
2022-12-01,Prospect,4,Del Mar,1
2022-12-01,Mt. Pleasant,1,Milpitas,0
2022-12-01,Fremont,0,Aptos,3
2022-12-02,Santa Fe Christian,0,Pacific Ridge,2
2022-12-02,Stevenson,1,Cate,4
2022-12-02,Pacific Grove,1,Santa Catalina,2
2022-12-02,Oceana,0,El Camino,1
2022-12-02,James Lick,1,Harker,2
2022-12-02,Greenfield,0,North Monterey County,2
2022-12-02,Willow Glen,0,Branham,2
2022-12-02,Live Oak,5,Overfelt,1
2022-12-02,LCPA,2,San Jose,6
2022-12-03,Capuchino,2,Silver Creek,2
2022-12-03,Luis Valdez Leadership Academy,0,Pinewood,4
2022-12-03,Gunn,1,Lincoln,2
2022-12-03,King's Academy,-1,Cupertino,-1
2022-12-03,Hollister,0,Santa Clara,2
2022-12-03,Manteca,4,Half Moon Bay,0
2022-12-03,Santa Teresa,0,Presentation,4
2022-12-03,Atascadero,7,King City,0
2022-12-03,Menlo School,4,Homestead,1
2022-12-03,Soledad,4,Pajaro Valley,3
2022-12-03,Milpitas,1,Washington,7
2022-12-03,Urban,8,South San Francisco,0
2022-12-03,Wilcox,0,Burlingame,4
2022-12-03,Hillsdale,0,Los Gatos,1
2022-12-03,Bishop O'Dowd,1,Leigh,6
2022-12-03,Scotts Valley,0,Piedmont Hills,5
2022-12-03,Aptos,4,North Salinas,0
2022-12-03,Alisal,1,Rancho San Juan,2
2022-12-03,Palo Alto,1,Carlmont,7
2022-12-03,Castilleja,2,The Bay School,0
2022-12-03,Priory,0,Fremont,1
2022-12-03,Del Mar,1,Archbishop Riordan,1
2022-12-03,St. Ignatius,6,Sacred Heart Prep,1
2022-12-03,Lynbrook,1,The Nueva School,3
2022-12-03,Terra Nova,2,Christopher,2
2022-12-03,Westmont,2,Saratoga,1
2022-12-03,Stevenson,0,Thacher,8
2022-12-03,Mountain View,3,Pioneer,1
2022-12-03,More,0,Pacific Collegiate,7
2022-12-03,Los Altos,0,Saint Francis,1
2022-12-03,Mercy,2,Monta Vista,2
2022-12-03,Monterey,0,Santa Cruz,2
2022-12-05,Gonzales,4,York,3
2022-12-05,Trinity Christian,0,Santa Catalina,11
2022-12-05,CCPA,0,Soquel,7
2022-12-05,Marina,1,Seaside,3
2022-12-05,Rancho San Juan,0,North Salinas,0
2022-12-05,Gilroy,3,Monte Vista Christian,1
2022-12-05,Prospect,6,San Jose,0
2022-12-05,Alisal,0,Woodside,3
2022-12-06,Carmel,2,Monterey,5
2022-12-06,Pioneer,1,Sacred Heart Prep,2
2022-12-06,SHCP,0,Lick-Wilmerding,2
2022-12-06,Pajaro Valley,0,San Lorenzo Valley,1
2022-12-06,The Bay School,1,Archbishop Riordan,1
2022-12-06,Castilleja,5,Del Mar,0
2022-12-06,Anzar,0,Stevenson,5
2022-12-06,Luis Valdez Leadership Academy,0,King's Academy,9
2022-12-06,Terra Nova,0,Burlingame,7
2022-12-06,TBA,-1,Cindy Avitia,1
2022-12-06,Prospect,0,Harker,3
2022-12-06,El Camino,0,South San Francisco,1
2022-12-06,Homestead,2,Hillsdale,2
2022-12-06,Mercy,0,San Mateo,1
2022-12-06,Gunn,1,Carlmont,1
2022-12-06,Presentation,3,Willow Glen,0
2022-12-06,Leland,0,Menlo-Atherton,2
2022-12-06,Santa Catalina,4,North Monterey County,0
2022-12-06,Harbor,0,Salinas,5
2022-12-06,King City,0,Soledad,9
2022-12-06,Menlo School,2,Palo Alto,1
2022-12-06,Leigh,0,Saint Francis,3
2022-12-06,Notre Dame,0,Silver Creek,4
2022-12-06,Design Tech,1,Eastside College Prep,2
2022-12-06,Wilcox,1,Saratoga,3
2022-12-06,Pinewood,3,Cupertino,4
2022-12-06,Priory,1,Lynbrook,1
2022-12-06,Scotts Valley,2,Westmont,2
2022-12-06,The Nueva School,3,Fremont,3
2022-12-06,Lincoln,4,Los Gatos,2
2022-12-06,St. Ignatius,2,Mountain View,1
2022-12-06,Mt. Pleasant,2,Independence,4
2022-12-06,Valley Christian,0,Branham,0
2022-12-06,Watsonville,2,Aptos,3
2022-12-06,Christopher,1,Piedmont Hills,3
2022-12-06,Ann Sobrato,2,Evergreen Valley,1
2022-12-06,Milpitas,4,Overfelt,0
2022-12-06,North Salinas,0,Soquel,2
2022-12-07,Archbishop Riordan,0,Washington,1
2022-12-07,Marina,3,St. Francis,3
2022-12-07,Greenfield,2,York,1
2022-12-07,Cristo Rey,2,LCPA,2
2022-12-07,More,1,Pacific Grove,4
2022-12-07,Luis Valdez Leadership Academy,0,Oakwood,4
2022-12-07,Trinity Christian,0,Everett Alvarez,15
2022-12-07,Gilroy,2,Hollister,2
2022-12-07,Pacific Ridge,0,Mira Mesa,0
2022-12-07,KIPP San Jose Collegiate,1,Wilcox,7
2022-12-08,Menlo-Atherton,5,Notre Dame,0
2022-12-08,Dunn,1,Beacon Hill,2
2022-12-08,DCP El Primero,0,Pinewood,5
2022-12-08,Carlmont,3,Sacred Heart Prep,0
2022-12-08,Piedmont Hills,1,Presentation,4
2022-12-08,Anzar,0,Carmel,12
2022-12-08,Urban,2,Menlo School,3
2022-12-08,Castilleja,2,Harker,6
2022-12-08,Cindy Avitia,-1,TBA,-1
2022-12-08,Greenfield,0,Stevenson,0
2022-12-08,Crystal Springs Uplands,0,Burlingame,1
2022-12-08,Half Moon Bay,1,Palo Alto,2
2022-12-08,Notre Dame,0,San Mateo,0
2022-12-08,Jefferson,0,South San Francisco,4
2022-12-08,The Nueva School,1,Aragon,2
2022-12-08,Capuchino,0,Monta Vista,7
2022-12-08,KIPP Navigate College Prep,0,Kathleen MacDonald,5
2022-12-08,Rancho San Juan,0,Alisal,-1
2022-12-08,Valley Christian,0,Salinas,1
2022-12-08,Gonzales,0,North Monterey County,2
2022-12-08,Pajaro Valley,1,Harbor,3
2022-12-08,Los Gatos,3,Saratoga,3
2022-12-08,KIPP San Jose Collegiate,0,San Jose,4
2022-12-08,Live Oak,1,Saint Francis,4
2022-12-08,Aptos,0,Los Altos,3
2022-12-08,Milpitas,1,Independence,3
2022-12-08,Sequoia,0,Santa Clara,0
2022-12-08,Prospect,2,Lynbrook,0
2022-12-08,Soquel,2,Watsonville,0
2022-12-08,Yerba Buena,1,James Lick,8
2022-12-08,Archbishop Mitty,0,Leland,0
2022-12-08,Wilcox,7,Del Mar,0
2022-12-09,Napa,0,SHCP,2
2022-12-09,Mission Vista,4,Pacific Ridge,3
2022-12-09,Seaside,0,Monterey,3
2022-12-09,Marina,2,Santa Catalina,5
2022-12-09,North Monterey County,0,Everett Alvarez,7
2022-12-09,St. Francis,0,Monte Vista Christian,3
2022-12-09,LCPA,0,Eastside College Prep,6
2022-12-09,Ann Sobrato,2,Willow Glen,0
2022-12-09,Branham,3,Soquel,0
2022-12-09,Santa Cruz,3,Watsonville,0
2022-12-09,Mt. Pleasant,0,Overfelt,5
2022-12-10,Capuchino,3,Lynbrook,3
2022-12-10,Homestead,2,Los Gatos,1
2022-12-10,Priory,0,Silver Creek,6
2022-12-10,Gunn,1,Menlo School,2
2022-12-10,Scotts Valley,3,Terra Nova,5
2022-12-10,Burlingame,0,Westmont,0
2022-12-10,Presentation,1,Santa Clara,0
2022-12-10,South San Francisco,2,El Camino,1
2022-12-10,Del Mar,0,Cupertino,2
2022-12-10,Wilcox,3,Christopher,1
2022-12-10,Palo Alto,1,Hillsdale,1
2022-12-10,St. Francis,2,Archbishop Mitty,2
2022-12-10,Hollister,0,Aptos,1
2022-12-10,Santa Teresa,2,Valley Christian,4
2022-12-10,Los Altos,0,Woodside,1
2022-12-10,Pinewood,1,Archbishop Riordan,3
2022-12-10,Menlo-Atherton,2,Lincoln,0
2022-12-10,Lick-Wilmerding,-1,Crystal Springs Uplands,-1
2022-12-10,Saint Francis,2,Pioneer,1
2022-12-10,Mercy,0,Fremont,2
2022-12-10,Sacred Heart Prep,0,Mountain View,3
2022-12-10,St. Ignatius,2,Leigh,1
2022-12-10,San Mateo,3,Monta Vista,2
2022-12-10,Notre Dame,1,The Nueva School,2
2022-12-12,Archbishop Riordan,2,Drew,2
2022-12-12,Marina,0,Stevenson,6
2022-12-12,Scotts Valley,2,North Salinas,0
2022-12-12,Luis Valdez Leadership Academy,0,More,2
2022-12-12,LCPA,4,DCP El Primero,1
2022-12-12,Pacific Ridge,3,High Tech SD,1
2022-12-12,Prospect,0,Notre Dame,1
2022-12-12,Homestead,0,Sequoia,3
2022-12-12,Cindy Avitia,0,KIPP San Jose Collegiate,3
2022-12-12,KIPP Esperanza,0,Kathleen MacDonald,0
2022-12-12,Summit Tahoma,0,KIPP Navigate College Prep,3
2022-12-12,Carmel,2,Alisal,2
2022-12-12,Rancho San Juan,2,Hollister,1
2022-12-12,Milpitas,0,Piedmont Hills,5
2022-12-12,Aptos,0,Christopher,2
2022-12-12,Live Oak,6,Del Mar,0
2022-12-12,Oak Grove,2,James Lick,6
2022-12-12,East Palo Alto Academy,0,Design Tech,5
2022-12-12,Half Moon Bay,8,Summit Preparatory,0
2022-12-13,Soledad,1,Alisal,0
2022-12-13,Seaside,2,Pajaro Valley,9
2022-12-13,SHCP,2,University,2
2022-12-13,Pacific Collegiate,2,San Lorenzo Valley,0
2022-12-13,Crystal Springs Uplands,0,Urban,6
2022-12-13,Design Tech,10,ACE Charter,0
2022-12-13,Mountain View,2,Menlo-Atherton,2
2022-12-13,Sequoia,2,Terra Nova,1
2022-12-13,Palo Alto,1,Aragon,4
2022-12-13,Presentation,1,Carlmont,3
2022-12-13,King City,1,North Monterey County,1
2022-12-13,Santa Cruz,0,Salinas,2
2022-12-13,Leland,1,Saint Francis,4
2022-12-13,El Camino,0,Half Moon Bay,1
2022-12-13,Wilcox,3,Gunn,0
2022-12-13,Everett Alvarez,1,Soquel,0
2022-12-13,Lincoln,10,Overfelt,0
2022-12-13,Cupertino,0,Willow Glen,1
2022-12-13,Silver Creek,3,Santa Teresa,2
2022-12-14,Ann Sobrato,1,Monte Vista Christian,1
2022-12-14,Southwest EC,0,Pacific Ridge,10
2022-12-14,Harbor,2,St. Francis,0
2022-12-14,Pacific Grove,1,Stevenson,3
2022-12-14,Jefferson,0,Balboa,3
2022-12-14,Summit Tahoma,0,LCPA,9
2022-12-14,The Academy - San Francisco,0,Oceana,3
2022-12-14,The Nueva School,8,ACE Charter,0
2022-12-14,Anzar,0,Everett Alvarez,12
2022-12-14,DCP El Primero,2,KIPP Navigate College Prep,0
2022-12-14,Carmel,1,Rancho San Juan,5
2022-12-14,Piedmont Hills,1,Saratoga,1
2022-12-14,Los Altos,1,Leland,1
2022-12-14,Prospect,6,Hill,0
2022-12-14,Cristo Rey,1,San Jose,4
2022-12-15,Soledad,2,North Salinas,1
2022-12-15,Notre Dame,1,Crystal Springs Uplands,3
2022-12-15,Convent of the Sacred Heart,2,Archbishop Riordan,1
2022-12-15,Terra Nova,0,Presentation,6
2022-12-15,Pacific Ridge,7,Calexico,0
2022-12-15,King's Academy,1,The Bay School,0
2022-12-15,Capuchino,0,Sequoia,6
2022-12-15,More,4,Summit Tahoma,0
2022-12-15,Salinas,5,Fremont,1
2022-12-15,St. Ignatius,1,Monte Vista,1
2022-12-15,Pacific Collegiate,0,Soquel,3
2022-12-15,Menlo-Atherton,4,Palo Alto,0
2022-12-15,Willow Glen,2,Mt. Pleasant,0
2022-12-15,Leigh,8,Evergreen Valley,0
2022-12-15,Overfelt,0,Pioneer,6
2022-12-15,Alisal,1,Santa Cruz,4
2022-12-15,Ann Sobrato,0,Live Oak,0
2022-12-15,Monta Vista,2,Cupertino,0
2022-12-15,Scotts Valley,0,Watsonville,0
2022-12-15,Wilcox,0,Los Gatos,0
2022-12-15,Montgomery,0,Archbishop Mitty,5
2022-12-16,St. Ignatius,1,San Clemente,2
2022-12-16,Pajaro Valley,4,St. Francis,0
2022-12-16,SHCP,0,Marin Academy,0
2022-12-16,Fairfield,4,Mills,5
2022-12-16,The Nueva School,8,East Palo Alto Academy,0
2022-12-16,Harker,3,Half Moon Bay,0
2022-12-16,Liberty,0,Soquel,4
2022-12-16,San Clemente,1,Archbishop Mitty,1
2022-12-16,Harbor,0,Hollister,2
2022-12-16,KIPP San Jose Collegiate,0,DCP El Primero,3
2022-12-16,Monterey,0,Gilroy,1
2022-12-16,KIPP Esperanza,-1,Summit Denali,-1
2022-12-16,Independence,2,James Lick,6
2022-12-16,Palo Alto,2,Los Altos,1
2022-12-16,LCPA,1,Luis Valdez Leadership Academy,2
2022-12-17,Homestead,0,Pioneer,1
2022-12-17,Mountain View,4,Carlmont,0
2022-12-17,Terra Nova,3,Saratoga,2
2022-12-17,Hillsdale,0,Gunn,2
2022-12-17,Burlingame,1,Piedmont Hills,0
2022-12-17,Soledad,0,Salinas,2
2022-12-17,Leigh,0,Presentation,2
2022-12-17,Montgomery,0,Pacific Ridge,5
2022-12-17,Liberty,0,Seaside,2
2022-12-17,St. Ignatius,1,Saint Francis,0
2022-12-17,South San Francisco,0,Santa Clara,6
2022-12-17,Los Altos,0,Sacred Heart Prep,2
2022-12-17,San Mateo,0,Fremont,3
2022-12-17,Valley Christian,1,Aptos,1
2022-12-17,Silver Creek,3,The Nueva School,2
2022-12-17,Lincoln,1,Archbishop Mitty,3
2022-12-17,Menlo School,1,Lincoln,0
2022-12-17,Lynbrook,5,Del Mar,0
2022-12-17,Christopher,3,Monta Vista,1
2022-12-17,Notre Dame,1,Capuchino,0
2022-12-17,Los Gatos,2,Westmont,1
2022-12-17,Archbishop Riordan,1,Cupertino,2
2022-12-17,Cardinal Newman,2,SHCP,0
2022-12-17,TBA,-1,Menlo School,-1
2022-12-19,Pacific Collegiate,1,Harbor,3
2022-12-20,Notre Dame,1,Urban,3
2022-12-20,Watsonville,0,Gilroy,5
2022-12-20,San Lorenzo Valley,0,Milpitas,2
2022-12-20,Santa Clara,0,Branham,0
2022-12-20,Independence,2,Santa Teresa,5
2022-12-20,Piedmont Hills,3,James Lick,2
2022-12-20,Notre Dame,1,Lincoln,7
2022-12-20,Lynbrook,0,Willow Glen,6
2022-12-21,Archbishop Riordan,0,Presentation,6
2022-12-21,Pacific Ridge,3,Vista,0
2022-12-21,Pacific Collegiate,0,Santa Cruz,10
2022-12-22,El Camino,0,Mountain View,10
2022-12-22,Harbor,0,Fremont,4
2022-12-22,Willow Glen,0,Saint Francis,6
2022-12-22,Saratoga,6,Lynbrook,1
2022-12-22,Homestead,1,Gunn,0
2022-12-22,Carlmont,3,Branham,2
2022-12-22,Milpitas,0,James Lick,5
2022-12-22,Notre Dame,0,Santa Clara,4
2022-12-27,Hamilton,1,St. Ignatius,1
2022-12-27,Arizona College Prep,1,Notre Dame,4
2022-12-27,Piedmont Hills,1,Aptos,0
2022-12-28,Live Oak,1,Leigh,5
2022-12-28,Hollister,3,Valley Christian,6
2022-12-28,Eastmark,1,Notre Dame,4
2022-12-28,Capuchino,0,Saint Francis,7
2022-12-29,Campo Verde,0,St. Ignatius,3
2022-12-29,TBA,-1,Notre Dame,-1
2022-12-29,Tournament Opponent,1,Notre Dame,4
2022-12-29,Sunrise Mountain,0,Notre Dame,1
2022-12-29,Gilroy,3,Ann Sobrato,0
2022-12-30,Branham,0,Presentation,1
2022-12-30,Higley,2,Notre Dame,3
2023-01-03,Hollister,4,Monterey,2
2023-01-03,Saint Francis,2,SHCP,0
2023-01-03,Valley Christian,0,Archbishop Mitty,5
2023-01-03,Greenfield,6,Oakwood,0
2023-01-03,Menlo School,2,Hillsdale,2
2023-01-03,Anzar,0,Pacific Grove,1
2023-01-03,Milpitas,1,Monta Vista,11
2023-01-03,Pacific Ridge,4,Escondido,1
2023-01-03,Marina,4,Gonzales,7
2023-01-03,Salinas,4,Alisal,0
2023-01-03,Luis Valdez Leadership Academy,0,South San Francisco,14
2023-01-03,Leigh,3,Branham,0
2023-01-03,North Salinas,0,Watsonville,1
2023-01-03,Lincoln,1,Leland,2
2023-01-03,Santa Teresa,0,Westmont,1
2023-01-03,Ann Sobrato,1,Christopher,1
2023-01-03,Independence,6,Hill,0
2023-01-03,Oak Grove,4,San Jose,0
2023-01-03,Mt. Pleasant,0,Piedmont Hills,8
2023-01-03,Cupertino,0,Lynbrook,0
2023-01-03,Fremont,2,Wilcox,2
2023-01-03,Yerba Buena,0,Del Mar,1
2023-01-03,Live Oak,0,Gilroy,3
2023-01-03,Evergreen Valley,1,Silver Creek,4
2023-01-04,The Nueva School,3,Priory,0
2023-01-04,Pacific Collegiate,2,Carmel,3
2023-01-04,King's Academy,3,Half Moon Bay,1
2023-01-05,Valley Christian,0,SHCP,1
2023-01-05,Saint Francis,4,Archbishop Mitty,0
2023-01-05,Mountain View,5,Homestead,0
2023-01-05,Gonzales,1,Anzar,-1
2023-01-05,Monterey,1,North Salinas,0
2023-01-05,Pacific Ridge,3,Poway,2
2023-01-05,Alisal,1,Hollister,7
2023-01-05,Watsonville,1,Everett Alvarez,2
2023-01-05,Gunderson,2,Independence,5
2023-01-05,Christopher,2,Branham,0
2023-01-05,Del Mar,3,Hill,1
2023-01-05,Gilroy,5,Mt. Pleasant,0
2023-01-05,Prospect,2,James Lick,3
2023-01-05,Lynbrook,2,Milpitas,4
2023-01-05,Piedmont Hills,3,Silver Creek,1
2023-01-05,Pioneer,0,Leigh,1
2023-01-05,Wilcox,4,Cupertino,1
2023-01-05,Yerba Buena,0,Oak Grove,5
2023-01-05,Ann Sobrato,1,Lincoln,4
2023-01-05,Overfelt,1,Santa Teresa,1
2023-01-05,Los Gatos,3,Fremont,0
2023-01-06,Seaside,4,York,2
2023-01-06,Monte Vista Christian,0,Pajaro Valley,0
2023-01-06,Carmel,4,Stevenson,1
2023-01-06,Urban,9,Mills,1
2023-01-06,Summit Tahoma,1,Cindy Avitia,2
2023-01-06,ACE Charter,0,East Palo Alto Academy,1
2023-01-06,Archbishop Riordan,0,Harker,9
2023-01-06,Harbor,1,Aptos,3
2023-01-06,St. Francis,-1,King City,-1
2023-01-06,Palo Alto,1,Mountain View,9
2023-01-06,Santa Clara,0,Los Altos,3
2023-01-06,Saratoga,3,Gunn,1
2023-01-06,The Nueva School,8,Design Tech,0
2023-01-06,Cristo Rey,6,Summit Preparatory,1
2023-01-07,Aragon,1,Notre Dame,6
2023-01-07,Sacred Heart Prep,2,South San Francisco,0
2023-01-07,SHCP,0,Presentation,0
2023-01-07,Woodside,1,Saint Francis,2
2023-01-07,Archbishop Mitty,3,Enochs,0
2023-01-07,The Nueva School,3,Crystal Springs Uplands,1
2023-01-09,Anzar,1,Trinity Christian,0
2023-01-09,Crystal Springs Uplands,0,Harker,2
2023-01-09,Archbishop Riordan,7,Mills,2
2023-01-09,DCP El Primero,6,Summit Tahoma,2
2023-01-09,Cindy Avitia,6,KIPP Navigate College Prep,0
2023-01-09,North Salinas,1,Alisal,2
2023-01-09,Los Altos,0,Saratoga,0
2023-01-09,Archbishop Mitty,7,Bishop O'Dowd,0
2023-01-09,KIPP San Jose Collegiate,0,Luis Valdez Leadership Academy,0
2023-01-10,Sacred Heart Prep,4,Notre Dame,2
2023-01-10,North Monterey County,-1,Pajaro Valley,-1
2023-01-10,Priory,0,Menlo School,4
2023-01-10,El Camino,1,Oceana,1
2023-01-10,Aragon,3,Capuchino,0
2023-01-10,Hillsdale,2,Sequoia,1
2023-01-10,Half Moon Bay,2,Terra Nova,2
2023-01-10,Mills,4,Jefferson,0
2023-01-10,Carlmont,3,Woodside,2
2023-01-10,Harker,1,Notre Dame,1
2023-01-10,Burlingame,0,Menlo-Atherton,1
2023-01-10,San Mateo,3,South San Francisco,1
2023-01-10,Harbor,0,Soquel,0
2023-01-10,Pacific Collegiate,1,Monte Vista Christian,5
2023-01-10,Willow Glen,0,Prospect,1
2023-01-10,Santa Teresa,2,James Lick,0
2023-01-10,Hill,0,Yerba Buena,1
2023-01-10,Silver Creek,1,Live Oak,2
2023-01-10,San Jose,1,Gunderson,7
2023-01-10,Milpitas,2,Wilcox,7
2023-01-10,Independence,2,Del Mar,1
2023-01-10,Leland,0,Pioneer,0
2023-01-10,Piedmont Hills,1,Gilroy,1
2023-01-10,Leigh,2,Christopher,1
2023-01-10,Branham,0,Ann Sobrato,0
2023-01-10,Mt. Pleasant,1,Evergreen Valley,-1
2023-01-10,Monta Vista,2,Lynbrook,1
2023-01-11,Pacific Ridge,1,Classical Academy,2
2023-01-11,Presentation,3,Valley Christian,0
2023-01-11,Hollister,3,North Salinas,0
2023-01-11,Oakwood,0,Anzar,1
2023-01-11,Stevenson,5,Notre Dame,1
2023-01-11,SHCP,0,St. Ignatius,3
2023-01-11,LCPA,1,KIPP Navigate College Prep,2
2023-01-11,Alisal,3,Everett Alvarez,0
2023-01-11,Gonzales,1,Greenfield,1
2023-01-11,Scotts Valley,1,Soquel,3
2023-01-11,More,3,KIPP San Jose Collegiate,0
2023-01-11,Gunn,1,Santa Clara,3
2023-01-11,Homestead,0,Palo Alto,2
2023-01-11,Mountain View,3,Saratoga,0
2023-01-11,East Palo Alto Academy,0,Summit Preparatory,2
2023-01-11,ACE Charter,1,Cristo Rey,6
2023-01-12,Pajaro Valley,3,Pacific Collegiate,1
2023-01-12,Laguna Blanca,3,Beacon Hill,2
2023-01-12,Harker,1,Menlo School,4
2023-01-12,Notre Dame,2,Notre Dame,0
2023-01-12,South San Francisco,0,Capuchino,3
2023-01-12,San Mateo,2,Half Moon Bay,1
2023-01-12,Hillsdale,1,Carlmont,2
2023-01-12,Woodside,1,Menlo-Atherton,1
2023-01-12,Terra Nova,2,Aragon,3
2023-01-12,Jefferson,0,El Camino,5
2023-01-12,Sequoia,2,Burlingame,1
2023-01-12,Wilcox,1,Monta Vista,0
2023-01-12,James Lick,1,Westmont,4
2023-01-12,Live Oak,5,Mt. Pleasant,1
2023-01-12,Prospect,1,Santa Teresa,4
2023-01-12,Fremont,4,Cupertino,0
2023-01-12,Gunderson,2,Yerba Buena,1
2023-01-12,Overfelt,0,Willow Glen,1
2023-01-12,Del Mar,1,Oak Grove,1
2023-01-12,Evergreen Valley,-1,Piedmont Hills,1
2023-01-12,Los Gatos,6,Milpitas,0
2023-01-12,Pioneer,2,Ann Sobrato,0
2023-01-12,Independence,4,San Jose,0
2023-01-12,Christopher,1,Lincoln,5
2023-01-12,Leigh,1,Leland,0
2023-01-12,Gilroy,1,Silver Creek,1
2023-01-13,Los Altos,2,Gunn,0
2023-01-13,Watsonville,0,Monterey,4
2023-01-13,Anzar,1,CCPA,0
2023-01-13,Priory,0,Sacred Heart Prep,3
2023-01-13,Francis Parker,3,Pacific Ridge,1
2023-01-13,Gonzales,1,Trinity Christian,-1
2023-01-13,Saratoga,0,Homestead,3
2023-01-13,Summit Preparatory,0,The Nueva School,8
2023-01-13,Soquel,0,Santa Cruz,0
2023-01-13,San Lorenzo Valley,0,Aptos,6
2023-01-13,Scotts Valley,0,Harbor,0
2023-01-13,Santa Catalina,2,Seaside,2
2023-01-13,Summit Tahoma,5,KIPP San Jose Collegiate,7
2023-01-13,LCPA,1,Cindy Avitia,1
2023-01-13,Santa Clara,2,Mountain View,2
2023-01-13,Cristo Rey,0,Design Tech,7
2023-01-14,St. Ignatius,0,Archbishop Mitty,0
2023-01-14,Saint Francis,3,Presentation,0
2023-01-14,Lynbrook,1,Fremont,3
2023-01-14,Jefferson,0,Archbishop Riordan,6
2023-01-16,San Lorenzo Valley,0,Soquel,2
2023-01-16,St. Francis,0,Santa Catalina,1
2023-01-17,Rancho San Juan,2,Pajaro Valley,1
2023-01-17,La Reina,3,Beacon Hill,0
2023-01-17,York,2,Stevenson,0
2023-01-17,Menlo School,2,Sacred Heart Prep,1
2023-01-17,CCPA,1,Marina,3
2023-01-17,Notre Dame,3,Harker,1
2023-01-17,El Camino,3,Mills,1
2023-01-17,Capuchino,4,Half Moon Bay,1
2023-01-17,Terra Nova,3,San Mateo,3
2023-01-17,Notre Dame,1,Priory,1
2023-01-17,DCP El Primero,2,LCPA,2
2023-01-17,Menlo-Atherton,1,Hillsdale,0
2023-01-17,Carlmont,2,Sequoia,4
2023-01-17,Burlingame,0,Woodside,1
2023-01-17,Aragon,2,South San Francisco,0
2023-01-17,Scotts Valley,0,Aptos,2
2023-01-17,Santa Cruz,2,Harbor,0
2023-01-17,Los Gatos,3,Monta Vista,1
2023-01-17,More,5,Cindy Avitia,0
2023-01-17,Soledad,1,Monte Vista Christian,2
2023-01-17,Pacific Collegiate,-1,North Monterey County,-1
2023-01-17,North Monterey County,-1,TBA,-1
2023-01-17,Lincoln,0,Branham,3
2023-01-17,Oak Grove,6,Hill,0
2023-01-17,San Jose,7,Yerba Buena,1
2023-01-17,Leland,2,Ann Sobrato,2
2023-01-17,Live Oak,1,Piedmont Hills,1
2023-01-17,Prospect,0,Westmont,6
2023-01-17,Overfelt,1,James Lick,5
2023-01-17,Silver Creek,2,Mt. Pleasant,0
2023-01-17,Willow Glen,0,Santa Teresa,4
2023-01-17,Lynbrook,0,Wilcox,2
2023-01-17,Gunderson,0,Del Mar,3
2023-01-17,Milpitas,2,Fremont,6
2023-01-17,Christopher,2,Pioneer,0
2023-01-17,Gilroy,1,Evergreen Valley,1
2023-01-18,Salinas,2,Monterey,0
2023-01-18,SHCP,0,Archbishop Mitty,3
2023-01-18,Marina,12,Anzar,0
2023-01-18,Seaside,5,Notre Dame,2
2023-01-18,Oakwood,-1,Gonzales,1
2023-01-18,DCP El Primero,2,Cindy Avitia,1
2023-01-18,Pacific Ridge,3,Foothills Christian,1
2023-01-18,North Salinas,0,Everett Alvarez,2
2023-01-18,Archbishop Riordan,0,Valley Christian,5
2023-01-18,Saint Francis,1,St. Ignatius,0
2023-01-18,KIPP Navigate College Prep,0,KIPP San Jose Collegiate,2
2023-01-18,Alisal,3,Watsonville,3
2023-01-18,Palo Alto,1,Saratoga,3
2023-01-18,Mountain View,0,Los Altos,1
2023-01-18,Homestead,0,Santa Clara,3
2023-01-18,Summit Tahoma,0,Luis Valdez Leadership Academy,0
2023-01-18,East Palo Alto Academy,0,Cristo Rey,2
2023-01-19,Notre Dame,0,York,2
2023-01-19,Beacon Hill,1,Dunn,0
2023-01-19,Mills,7,Westmoor,0
2023-01-19,Monte Vista Christian,0,Carmel,1
2023-01-19,Notre Dame,-1,St. Francis,-1
2023-01-19,Summit Preparatory,-1,ACE Charter,1
2023-01-19,Burlingame,2,Carlmont,0
2023-01-19,Half Moon Bay,0,South San Francisco,2
2023-01-19,Sequoia,0,Menlo-Atherton,0
2023-01-19,San Mateo,1,Aragon,2
2023-01-19,Hillsdale,1,Woodside,2
2023-01-19,Capuchino,3,Terra Nova,0
2023-01-19,LCPA,0,More,3
2023-01-19,Fremont,2,Monta Vista,3
2023-01-19,KIPP Navigate College Prep,0,Summit Tahoma,1
2023-01-19,James Lick,3,Mt. Pleasant,1
2023-01-19,Pacific Collegiate,3,Rancho San Juan,1
2023-01-19,Stevenson,2,King City,2
2023-01-19,Pajaro Valley,2,Soledad,5
2023-01-19,Piedmont Hills,2,Prospect,0
2023-01-19,Cupertino,2,Milpitas,1
2023-01-19,Los Gatos,4,Lynbrook,1
2023-01-19,Santa Teresa,0,Silver Creek,5
2023-01-19,Soquel,1,Aptos,3
2023-01-19,Scotts Valley,2,Santa Cruz,0
2023-01-19,Lincoln,0,Leigh,4
2023-01-19,Branham,0,Pioneer,2
2023-01-19,Leland,0,Christopher,0
2023-01-19,Westmont,4,Willow Glen,0
2023-01-19,Overfelt,0,Gilroy,6
2023-01-19,Hill,1,San Jose,8
2023-01-20,Trinity Christian,0,Oakwood,3
2023-01-20,Menlo School,3,Notre Dame,1
2023-01-20,Pacific Ridge,2,Bishop's,1
2023-01-20,Pacific Grove,6,Marina,1
2023-01-20,Los Altos,2,Homestead,0
2023-01-20,Gonzales,5,CCPA,2
2023-01-20,Priory,0,Harker,4
2023-01-20,Design Tech,3,East Palo Alto Academy,0
2023-01-20,KIPP San Jose Collegiate,3,Cindy Avitia,1
2023-01-20,Sacred Heart Prep,1,Notre Dame,0
2023-01-20,Luis Valdez Leadership Academy,1,DCP El Primero,2
2023-01-20,Watsonville,0,Hollister,4
2023-01-20,Anzar,0,Greenfield,1
2023-01-20,Monterey,1,Alisal,1
2023-01-20,Everett Alvarez,0,Salinas,2
2023-01-20,Soledad,9,North Monterey County,0
2023-01-20,The Nueva School,8,Cristo Rey,0
2023-01-20,Santa Clara,2,Palo Alto,0
2023-01-20,Gunn,0,Mountain View,5
2023-01-21,Burlingame,6,San Mateo,0
2023-01-21,James Lick,0,Willow Glen,0
2023-01-21,El Camino,1,Archbishop Riordan,5
2023-01-21,Independence,3,Oak Grove,1
2023-01-21,Ann Sobrato,0,Leigh,3
2023-01-21,SHCP,1,Aragon,3
2023-01-21,Valley Christian,0,Saint Francis,3
2023-01-21,Everett Alvarez,1,Hollister,0
2023-01-21,Archbishop Mitty,1,Presentation,0
2023-01-21,Beacon Hill,0,Cate,8
2023-01-21,King City,0,Seaside,4
2023-01-21,Pioneer,1,Lincoln,1
2023-01-21,Cristo Rey,0,The Nueva School,6
2023-01-21,Gunderson,7,Hill,0
2023-01-21,North Monterey County,-1,TBA,-1
2023-01-21,Monte Vista Christian,4,North Monterey County,0
2023-01-21,Branham,0,Leland,0
2023-01-21,Scotts Valley,1,Santa Cruz,1
2023-01-21,Del Mar,4,San Jose,2
2023-01-23,Carmel,3,Pajaro Valley,2
2023-01-23,KIPP Navigate College Prep,0,More,5
2023-01-23,Trinity Christian,0,Marina,12
2023-01-23,Seaside,5,Stevenson,0
2023-01-23,CCPA,2,Oakwood,1
2023-01-23,Santa Catalina,2,Notre Dame,1
2023-01-23,Rancho San Juan,9,North Monterey County,0
2023-01-23,Saratoga,0,Santa Clara,3
2023-01-23,Soledad,1,Pacific Collegiate,1
2023-01-23,Cindy Avitia,1,Luis Valdez Leadership Academy,3
2023-01-24,Oakwood,0,Greenfield,3
2023-01-24,El Camino,7,Westmoor,1
2023-01-24,Cate,8,Beacon Hill,0
2023-01-24,Priory,0,Notre Dame,8
2023-01-24,Harker,0,Sacred Heart Prep,4
2023-01-24,Cindy Avitia,1,More,6
2023-01-24,Pacific Grove,6,Anzar,0
2023-01-24,Gonzales,2,Marina,5
2023-01-24,San Mateo,0,Capuchino,0
2023-01-24,Menlo School,6,Notre Dame,0
2023-01-24,Aragon,2,Half Moon Bay,0
2023-01-24,Archbishop Riordan,7,Jefferson,0
2023-01-24,Carlmont,0,Menlo-Atherton,2
2023-01-24,Woodside,1,Sequoia,2
2023-01-24,Oceana,1,Mills,2
2023-01-24,South San Francisco,0,Terra Nova,3
2023-01-24,Hillsdale,0,Burlingame,0
2023-01-24,Monta Vista,3,Milpitas,1
2023-01-24,Presentation,0,St. Ignatius,2
2023-01-24,Monterey,-1,Hollister,1
2023-01-24,Watsonville,0,North Salinas,0
2023-01-24,Alisal,0,Salinas,2
2023-01-24,Hill,-1,Independence,1
2023-01-24,Evergreen Valley,1,Prospect,0
2023-01-24,Scotts Valley,4,Soquel,0
2023-01-24,Del Mar,6,Yerba Buena,2
2023-01-24,Lynbrook,2,Cupertino,0
2023-01-24,Wilcox,5,Fremont,2
2023-01-24,Christopher,0,Ann Sobrato,1
2023-01-24,Leland,2,Lincoln,2
2023-01-24,Aptos,1,Harbor,0
2023-01-24,San Lorenzo Valley,0,Santa Cruz,2
2023-01-24,Branham,1,Leigh,3
2023-01-24,Westmont,1,Los Gatos,0
2023-01-24,San Jose,1,Oak Grove,4
2023-01-24,Piedmont Hills,3,Overfelt,1
2023-01-24,Mt. Pleasant,2,James Lick,5
2023-01-24,Silver Creek,3,Willow Glen,0
2023-01-25,Archbishop Mitty,4,Valley Christian,0
2023-01-25,La Jolla Country Day,0,Pacific Ridge,5
2023-01-25,ACE Charter,0,The Nueva School,8
2023-01-25,King City,2,York,5
2023-01-25,St. Francis,4,Stevenson,2
2023-01-25,KIPP Navigate College Prep,1,DCP El Primero,1
2023-01-25,LCPA,2,Summit Tahoma,1
2023-01-25,SHCP,0,Saint Francis,3
2023-01-25,Carmel,3,Pacific Collegiate,2
2023-01-25,North Monterey County,1,Monte Vista Christian,3
2023-01-25,Seaside,4,King City,0
2023-01-25,TBA,-1,North Monterey County,-1
2023-01-25,Rancho San Juan,3,Soledad,0
2023-01-25,Homestead,2,Mountain View,3
2023-01-25,Luis Valdez Leadership Academy,0,KIPP San Jose Collegiate,3
2023-01-25,Saratoga,1,Los Altos,4
2023-01-26,CCPA,4,Oakwood,0
2023-01-26,Villanova Prep,1,Beacon Hill,2
2023-01-26,North Salinas,0,Monterey,6
2023-01-26,Marina,4,Trinity Christian,0
2023-01-26,Summit Tahoma,0,More,3
2023-01-26,Sequoia,1,Hillsdale,1
2023-01-26,Jefferson,3,Mills,10
2023-01-26,South San Francisco,0,San Mateo,2
2023-01-26,Oceana,0,El Camino,2
2023-01-26,Terra Nova,1,Half Moon Bay,1
2023-01-26,Menlo-Atherton,0,Burlingame,0
2023-01-26,Capuchino,0,Aragon,3
2023-01-26,Woodside,5,Carlmont,4
2023-01-26,Anzar,0,Gonzales,6
2023-01-26,Hollister,0,Alisal,0
2023-01-26,Overfelt,0,Prospect,5
2023-01-26,Everett Alvarez,0,Watsonville,0
2023-01-26,Willow Glen,2,James Lick,3
2023-01-26,Gilroy,3,Live Oak,4
2023-01-26,Milpitas,0,Lynbrook,3
2023-01-26,Cupertino,2,Wilcox,5
2023-01-26,Silver Creek,4,Evergreen Valley,1
2023-01-26,Soquel,2,Harbor,0
2023-01-26,Branham,1,Christopher,0
2023-01-26,Leigh,3,Pioneer,1
2023-01-26,Lincoln,3,Ann Sobrato,2
2023-01-26,Independence,7,Gunderson,2
2023-01-26,Westmont,2,Santa Teresa,1
2023-01-26,Piedmont Hills,8,Mt. Pleasant,0
2023-01-26,Oak Grove,6,Yerba Buena,0
2023-01-26,Hill,0,Del Mar,2
2023-01-26,Fremont,0,Los Gatos,4
2023-01-27,College Prep,4,Archbishop Riordan,1
2023-01-27,King City,0,St. Francis,5
2023-01-27,Classical Academy,1,Pacific Ridge,1
2023-01-27,Luis Valdez Leadership Academy,2,LCPA,1
2023-01-27,Rancho San Juan,3,Carmel,3
2023-01-27,Salinas,6,North Salinas,0
2023-01-27,Westmont,1,Harker,2
2023-01-27,York,0,Seaside,2
2023-01-27,KIPP Navigate College Prep,2,Cindy Avitia,1
2023-01-27,North Monterey County,0,Soledad,8
2023-01-27,Pajaro Valley,2,Monte Vista Christian,0
2023-01-27,Woodside,2,King's Academy,0
2023-01-27,Mountain View,3,Palo Alto,0
2023-01-27,DCP El Primero,2,KIPP San Jose Collegiate,4
2023-01-27,Los Altos,2,Santa Clara,0
2023-01-27,Santa Cruz,0,Aptos,2
2023-01-27,Gunn,2,Saratoga,3
2023-01-27,ACE Charter,-1,Design Tech,1
2023-01-28,SHCP,2,Valley Christian,0
2023-01-28,St. Ignatius,1,Presentation,0
2023-01-28,Archbishop Mitty,2,Saint Francis,3
2023-01-28,Menlo School,5,Stevenson,0
2023-01-28,Scotts Valley,5,San Lorenzo Valley,0
2023-01-28,Cupertino,0,Los Gatos,8
2023-01-28,Stevenson,-1,St. Francis,-1
2023-01-30,Soledad,1,Carmel,2
2023-01-30,Trinity Christian,2,Anzar,2
2023-01-30,Alisal,1,North Salinas,0
2023-01-30,Oakwood,1,Marina,5
2023-01-30,Gonzales,2,Pacific Grove,3
2023-01-30,Hollister,0,Salinas,4
2023-01-30,Monterey,-1,Everett Alvarez,0
2023-01-30,Monte Vista Christian,0,Rancho San Juan,5
2023-01-30,More,3,Luis Valdez Leadership Academy,0
2023-01-31,Yerba Buena,1,Hill,0
2023-01-31,Beacon Hill,0,Laguna Blanca,3
2023-01-31,KIPP Navigate College Prep,0,LCPA,0
2023-01-31,Notre Dame,4,Sacred Heart Prep,4
2023-01-31,Notre Dame,0,Harker,6
2023-01-31,Aptos,1,San Lorenzo Valley,0
2023-01-31,Notre Dame,2,Stevenson,0
2023-01-31,Menlo School,3,Priory,0
2023-01-31,Santa Catalina,1,King City,0
2023-01-31,Carlmont,6,Hillsdale,1
2023-01-31,El Camino,4,Jefferson,0
2023-01-31,Aragon,3,Terra Nova,0
2023-01-31,Capuchino,3,South San Francisco,1
2023-01-31,Menlo-Atherton,1,Woodside,0
2023-01-31,Burlingame,3,Sequoia,0
2023-01-31,Half Moon Bay,0,San Mateo,4
2023-01-31,Cindy Avitia,1,Summit Tahoma,2
2023-01-31,Lynbrook,2,Monta Vista,3
2023-01-31,Pajaro Valley,9,North Monterey County,1
2023-01-31,Carmel,0,Soledad,6
2023-01-31,St. Francis,1,Seaside,4
2023-01-31,James Lick,0,Prospect,2
2023-01-31,Del Mar,1,Independence,5
2023-01-31,Ann Sobrato,0,Branham,1
2023-01-31,Monte Vista Christian,0,Pacific Collegiate,0
2023-01-31,Scotts Valley,1,Harbor,1
2023-01-31,Santa Cruz,1,Soquel,1
2023-01-31,Santa Teresa,8,Overfelt,0
2023-01-31,Silver Creek,0,Piedmont Hills,0
2023-01-31,Willow Glen,1,Westmont,2
2023-01-31,Mt. Pleasant,1,Gilroy,6
2023-01-31,Christopher,3,Leigh,1
2023-01-31,Gunderson,4,San Jose,1
2023-01-31,Wilcox,8,Milpitas,2
2023-01-31,Pioneer,0,Leland,0
2023-01-31,Los Gatos,3,Cupertino,0
2023-02-01,Presentation,0,SHCP,3
2023-02-01,Beacon Hill,2,Villanova Prep,0
2023-02-01,Santa Catalina,2,Stevenson,0
2023-02-01,Design Tech,1,The Nueva School,8
2023-02-01,East Palo Alto Academy,0,ACE Charter,0
2023-02-01,More,2,KIPP Navigate College Prep,0
2023-02-01,Palo Alto,0,Homestead,1
2023-02-01,Anzar,2,Oakwood,2
2023-02-01,North Salinas,0,Hollister,5
2023-02-01,Greenfield,2,Gonzales,0
2023-02-01,Pacific Ridge,2,Francis Parker,6
2023-02-01,Saratoga,1,Mountain View,5
2023-02-01,Everett Alvarez,1,Alisal,2
2023-02-01,LCPA,1,KIPP San Jose Collegiate,4
2023-02-01,Salinas,1,Watsonville,0
2023-02-01,Santa Clara,1,Gunn,1
2023-02-01,Summit Preparatory,0,Cristo Rey,5
2023-02-02,Pacific Collegiate,1,Pajaro Valley,3
2023-02-02,Beacon Hill,2,La Reina,3
2023-02-02,North Monterey County,1,Carmel,11
2023-02-02,York,3,St. Francis,4
2023-02-02,Soquel,5,San Lorenzo Valley,0
2023-02-02,Menlo School,2,Harker,1
2023-02-02,South San Francisco,0,Aragon,2
2023-02-02,Half Moon Bay,0,Capuchino,2
2023-02-02,Woodside,2,Burlingame,0
2023-02-02,Sequoia,2,Carlmont,1
2023-02-02,San Mateo,2,Terra Nova,3
2023-02-02,Mills,0,El Camino,1
2023-02-02,Hillsdale,1,Menlo-Atherton,2
2023-02-02,Rancho San Juan,2,Monte Vista Christian,0
2023-02-02,San Jose,1,Independence,7
2023-02-02,Overfelt,0,Westmont,5
2023-02-02,Gilroy,0,Piedmont Hills,1
2023-02-02,Scotts Valley,0,Aptos,1
2023-02-02,Lincoln,2,Christopher,2
2023-02-02,Oak Grove,2,Del Mar,2
2023-02-02,Milpitas,0,Los Gatos,11
2023-02-02,Ann Sobrato,1,Pioneer,0
2023-02-02,Live Oak,0,Silver Creek,3
2023-02-02,Cupertino,2,Fremont,1
2023-02-02,Leland,0,Leigh,3
2023-02-02,Yerba Buena,0,Gunderson,6
2023-02-02,Evergreen Valley,0,Mt. Pleasant,2
2023-02-02,Prospect,2,Willow Glen,2
2023-02-02,James Lick,0,Santa Teresa,9
2023-02-02,DCP El Primero,0,Luis Valdez Leadership Academy,1
2023-02-03,Gunn,1,Los Altos,5
2023-02-03,Notre Dame,0,Notre Dame,2
2023-02-03,Seaside,4,Santa Catalina,2
2023-02-03,CCPA,6,Anzar,0
2023-02-03,Foothills Christian,0,Pacific Ridge,1
2023-02-03,KIPP San Jose Collegiate,2,More,5
2023-02-03,Sacred Heart Prep,5,Priory,0
2023-02-03,Trinity Christian,1,Gonzales,4
2023-02-03,Summit Preparatory,0,East Palo Alto Academy,3
2023-02-03,Cristo Rey,8,ACE Charter,1
2023-02-03,Summit Tahoma,2,DCP El Primero,3
2023-02-03,Luis Valdez Leadership Academy,2,Cindy Avitia,1
2023-02-03,Oakwood,-1,Pacific Grove,0
2023-02-03,Sequoia,3,Palo Alto,1
2023-02-03,Hollister,1,Everett Alvarez,0
2023-02-03,North Salinas,0,Salinas,1
2023-02-03,Monterey,1,Watsonville,2
2023-02-03,Harbor,0,Santa Cruz,5
2023-02-03,Mountain View,2,Santa Clara,1
2023-02-03,Homestead,1,Saratoga,1
2023-02-04,Sacred Heart Prep,1,Aragon,0
2023-02-04,Yerba Buena,-1,Independence,1
2023-02-04,York,2,Notre Dame,0
2023-02-04,KIPP Navigate College Prep,2,Luis Valdez Leadership Academy,2
2023-02-04,Soledad,1,Rancho San Juan,2
2023-02-04,Stevenson,-1,St. Francis,-1
2023-02-04,Burlingame,-1,Los Altos,-1
2023-02-04,Valley Christian,0,Presentation,4
2023-02-04,St. Ignatius,1,SHCP,1
2023-02-06,Santa Catalina,0,St. Francis,4
2023-02-06,Stevenson,0,York,2
2023-02-06,KIPP San Jose Collegiate,1,LCPA,2
2023-02-06,Notre Dame,4,Seaside,1
2023-02-06,Pacific Grove,4,Oakwood,0
2023-02-06,Luis Valdez Leadership Academy,3,Summit Tahoma,1
2023-02-06,More,6,DCP El Primero,1
2023-02-06,Pajaro Valley,1,Rancho San Juan,3
2023-02-06,Monte Vista Christian,1,Soledad,6
2023-02-06,Gunn,0,Palo Alto,2
2023-02-06,Oak Grove,4,Gunderson,1
2023-02-07,Sacred Heart Prep,1,Menlo School,1
2023-02-07,Harker,0,Notre Dame,6
2023-02-07,Everett Alvarez,4,North Salinas,0
2023-02-07,East Palo Alto Academy,0,The Nueva School,8
2023-02-07,Anzar,0,Marina,7
2023-02-07,San Lorenzo Valley,0,Scotts Valley,4
2023-02-07,Cindy Avitia,0,LCPA,0
2023-02-07,Gonzales,8,Oakwood,0
2023-02-07,Priory,0,Notre Dame,1
2023-02-07,Westmoor,0,Mills,8
2023-02-07,Terra Nova,1,Capuchino,1
2023-02-07,Woodside,1,Hillsdale,2
2023-02-07,Menlo-Atherton,3,Sequoia,0
2023-02-07,Aragon,3,San Mateo,0
2023-02-07,Carlmont,1,Burlingame,1
2023-02-07,South San Francisco,0,Half Moon Bay,3
2023-02-07,Aptos,1,Soquel,0
2023-02-07,Los Gatos,1,Monta Vista,0
2023-02-07,Watsonville,1,Alisal,0
2023-02-07,Monterey,3,Salinas,3
2023-02-07,SHCP,1,Bishop O'Dowd,0
2023-02-07,Del Mar,2,Gunderson,2
2023-02-07,Santa Teresa,2,Prospect,0
2023-02-07,Piedmont Hills,2,Evergreen Valley,0
2023-02-07,Wilcox,2,Lynbrook,0
2023-02-07,Yerba Buena,2,San Jose,2
2023-02-07,Willow Glen,1,Overfelt,0
2023-02-07,Hill,0,Oak Grove,4
2023-02-07,Ann Sobrato,3,Leland,3
2023-02-07,Westmont,4,James Lick,2
2023-02-07,Branham,0,Lincoln,2
2023-02-07,Mt. Pleasant,0,Live Oak,4
2023-02-07,Fremont,1,Milpitas,0
2023-02-07,Pioneer,2,Christopher,3
2023-02-07,Silver Creek,3,Gilroy,1
2023-02-08,Soledad,1,Pajaro Valley,0
2023-02-08,Bishop's,2,Pacific Ridge,1
2023-02-08,King City,-1,Stevenson,-1
2023-02-08,St. Francis,1,Notre Dame,1
2023-02-08,Rancho San Juan,4,Pacific Collegiate,1
2023-02-08,Santa Catalina,2,York,0
2023-02-08,KIPP San Jose Collegiate,3,Summit Tahoma,1
2023-02-08,Santa Clara,2,Homestead,0
2023-02-08,Presentation,0,Saint Francis,6
2023-02-08,Luis Valdez Leadership Academy,0,KIPP Navigate College Prep,0
2023-02-08,Carmel,4,Monte Vista Christian,0
2023-02-08,Archbishop Mitty,2,St. Ignatius,1
2023-02-08,Los Altos,2,Mountain View,3
2023-02-08,Saratoga,3,Palo Alto,1
2023-02-08,Design Tech,1,Cristo Rey,1
2023-02-09,Notre Dame,1,Menlo School,2
2023-02-09,Mills,1,Oceana,3
2023-02-09,Alisal,4,Monterey,1
2023-02-09,Greenfield,5,Anzar,1
2023-02-09,DCP El Primero,0,More,4
2023-02-09,CCPA,0,Gonzales,3
2023-02-09,Trinity Christian,-1,Oakwood,-1
2023-02-09,Marina,0,Pacific Grove,5
2023-02-09,Menlo-Atherton,3,Carlmont,2
2023-02-09,Burlingame,1,Hillsdale,0
2023-02-09,Westmoor,0,El Camino,3
2023-02-09,Capuchino,0,San Mateo,1
2023-02-09,Half Moon Bay,1,Aragon,5
2023-02-09,Sequoia,3,Woodside,3
2023-02-09,Terra Nova,5,South San Francisco,1
2023-02-09,Salinas,4,Everett Alvarez,0
2023-02-09,Pioneer,0,Branham,3
2023-02-09,Monta Vista,2,Fremont,1
2023-02-09,Hollister,2,Watsonville,2
2023-02-09,Evergreen Valley,0,Gilroy,1
2023-02-09,Leigh,3,Lincoln,0
2023-02-09,Aptos,0,Santa Cruz,1
2023-02-09,Piedmont Hills,5,Live Oak,3
2023-02-09,Christopher,0,Leland,1
2023-02-09,Gunderson,2,Oak Grove,3
2023-02-09,Milpitas,0,Cupertino,4
2023-02-09,Lynbrook,0,Los Gatos,4
2023-02-09,Independence,4,Yerba Buena,0
2023-02-09,Westmont,2,Prospect,0
2023-02-09,San Jose,2,Hill,1
2023-02-09,Mt. Pleasant,1,Silver Creek,5
2023-02-09,Santa Teresa,1,Willow Glen,1
2023-02-09,James Lick,3,Overfelt,1
2025-02-01,Cindy Avitia,1,ACE Charter,3
2025-02-01,The Nueva School,5,Harker,2
2025-02-01,Saint Francis,4,Presentation,0
2025-02-01,St. Vincent de Paul,1,Archbishop Riordan,1
2025-02-01,Woodside,1,Aptos,3
2025-02-01,Archbishop Mitty,2,SICP,0
2025-02-03,More,0,Design Tech,3
2025-02-03,The Nueva School,1,Summit Shasta,-1
2025-02-03,Alisal,1,Pajaro Valley,3
2025-02-03,Marina,1,St. Francis,2
2025-02-03,Palma,3,Santa Catalina,1
2025-02-03,Pacific Collegiate,3,North Salinas,0
2025-02-03,Greenfield,2,Seaside,0
2025-02-03,King City,0,Pacific Grove,0
2025-02-03,Carmel,2,North Monterey County,1
2025-02-03,Stevenson,2,Gonzales,1
2025-02-03,Cindy Avitia,1,KIPP San Jose Collegiate,6
2025-02-04,Crystal Springs Uplands,1,Notre Dame,0
2025-02-04,Harker,2,Menlo School,4
2025-02-04,Aptos,0,San Lorenzo Valley,-1
2025-02-04,Sacred Heart Prep,4,Notre Dame,1
2025-02-04,Pinewood,-1,King's Academy,-1
2025-02-04,Hillsdale,0,Woodside,1
2025-02-04,Menlo-Atherton,1,Aragon,1
2025-02-04,Terra Nova,0,San Mateo,0
2025-02-04,Sequoia,1,Burlingame,3
2025-02-04,Monterey,0,Hollister,3
2025-02-04,Watsonville,0,Soledad,2
2025-02-04,Rancho San Juan,3,Everett Alvarez,4
2025-02-04,Milpitas,2,Wilcox,0
2025-02-04,Saratoga,3,Lynbrook,2
2025-02-04,Cupertino,5,MacDonald,1
2025-02-04,Fremont,4,Monta Vista,1
2025-02-04,Piedmont Hills,1,Branham,3
2025-02-04,Santa Teresa,0,Ann Sobrato,3
2025-02-04,Hill,4,Mt. Pleasant,1
2025-02-04,Scotts Valley,1,Harbor,0
2025-02-04,Gunderson,0,Willow Glen,6
2025-02-04,San Jose,0,Overfelt,-1
2025-02-04,Oak Grove,5,James Lick,1
2025-02-04,Del Mar,3,Yerba Buena,3
2025-02-04,Westmont,3,Lincoln,2
2025-02-04,Prospect,4,Independence,1
2025-02-04,Evergreen Valley,3,Christopher,1
2025-02-04,Santa Cruz,0,Soquel,0
2025-02-04,Silver Creek,12,Live Oak,1
2025-02-05,Saint Francis,3,SHCP,1
2025-02-05,Valley Christian,0,Archbishop Mitty,3
2025-02-05,More,5,Summit Shasta,0
2025-02-05,Pacific Grove,0,Palma,5
2025-02-05,Pajaro Valley,2,Carmel,1
2025-02-05,North Monterey County,0,Pacific Collegiate,1
2025-02-05,Seaside,0,Stevenson,5
2025-02-05,Greenfield,1,Santa Catalina,2
2025-02-05,LCPA,0,KIPP Navigate College Prep,3
2025-02-05,Monte Vista Christian,1,Alisal,4
2025-02-05,Gonzales,4,King City,0
2025-02-05,Homestead,1,Mountain View,0
2025-02-05,Gunn,0,Los Altos,2
2025-02-05,Los Gatos,3,Palo Alto,0
2025-02-05,Summit Tahoma,6,Luis Valdez Leadership Academy,0
2025-02-05,Summit Preparatory,-1,Design Tech,1
2025-02-05,Cindy Avitia,0,Cristo Rey San Jose Jesuit,2
2025-02-05,East Palo Alto Academy,-1,The Nueva School,1
2025-02-06,Everett Alvarez,1,Monterey,2
2025-02-06,King's Academy,-1,Priory,-1
2025-02-06,Harbor,1,San Lorenzo Valley,0
2025-02-06,Anzar,0,St. Francis,3
2025-02-06,Woodside,1,Aragon,0
2025-02-06,Westmoor,0,Mills,6
2025-02-06,Terra Nova,0,Carlmont,2
2025-02-06,Burlingame,0,Menlo-Atherton,2
2025-02-06,San Mateo,3,Capuchino,0
2025-02-06,Half Moon Bay,2,South San Francisco,3
2025-02-06,Sequoia,2,Hillsdale,3
2025-02-06,KIPP Navigate College Prep,11,Summit Tahoma,1
2025-02-06,Soledad,0,Salinas,3
2025-02-06,Watsonville,3,Rancho San Juan,0
2025-02-06,Aptos,3,Soquel,0
2025-02-06,Lynbrook,0,Fremont,3
2025-02-06,Willow Glen,3,Prospect,0
2025-02-06,Gunderson,0,Lincoln,5
2025-02-06,Monta Vista,2,Milpitas,3
2025-02-06,MacDonald,-1,Saratoga,3
2025-02-06,Wilcox,0,Cupertino,3
2025-02-06,Leland,5,Piedmont Hills,0
2025-02-06,Santa Teresa,9,Live Oak,3
2025-02-06,Overfelt,0,Del Mar,2
2025-02-06,Leigh,0,Pioneer,1
2025-02-06,James Lick,4,Yerba Buena,0
2025-02-06,ACE Charter,0,KIPP San Jose Collegiate,6
2025-02-06,Branham,1,Gilroy,0
2025-02-06,Independence,0,Westmont,4
2025-02-06,Mt. Pleasant,1,San Jose,0
2025-02-06,Christopher,0,Silver Creek,1
2025-02-06,Ann Sobrato,1,Evergreen Valley,2
2025-02-06,Scotts Valley,2,Santa Cruz,0
2025-02-06,Oak Grove,0,Hill,0
2025-02-07,The Nueva School,15,Design Tech,0
2025-02-07,KIPP Esperanza,2,Summit Shasta,2
2025-02-07,Pacific Collegiate,1,Pajaro Valley,1
2025-02-07,Menlo School,0,Sacred Heart Prep,0
2025-02-07,King City,1,Stevenson,2
2025-02-07,Crystal Springs Uplands,0,Harker,0
2025-02-07,El Camino,0,Westmoor,2
2025-02-07,KIPP San Jose Collegiate,7,Cindy Avitia,2
2025-02-07,Notre Dame,1,Notre Dame,0
2025-02-07,Santa Catalina,1,Seaside,0
2025-02-07,North Salinas,0,Monte Vista Christian,2
2025-02-07,Palma,2,Gonzales,3
2025-02-07,Carmel,2,Alisal,4
2025-02-07,Los Altos,0,Santa Clara,1
2025-02-07,Palo Alto,2,Gunn,0
2025-02-07,Mountain View,3,Los Gatos,3
2025-02-07,Cristo Rey San Jose Jesuit,1,LCPA,1
2025-02-08,Luis Valdez Leadership Academy,0,ACE Charter,6
2025-02-08,Woodside,0,Homestead,1
2025-02-08,Archbishop Mitty,0,Saint Francis,4
2025-02-08,SHCP,4,Valley Christian,2
2025-02-08,SICP,2,Presentation,0
2025-02-08,Wilcox,3,Lynbrook,2
2025-02-08,Monta Vista,1,MacDonald,0
2025-02-10,St. Francis,2,Anzar,0
2025-02-10,Carlmont,4,South San Francisco,0
2025-02-10,Piedmont Hills,4,Mills,2
2025-02-10,Capuchino,0,Half Moon Bay,2
2025-02-10,Cristo Rey San Jose Jesuit,7,Summit Tahoma,0
2025-02-10,Cindy Avitia,6,Luis Valdez Leadership Academy,0
2025-02-10,Summit Shasta,0,Design Tech,10
2025-02-11,Notre Dame,2,Menlo School,4
2025-02-11,King's Academy,-1,Castilleja,-1
2025-02-11,Sacred Heart Prep,0,Crystal Springs Uplands,2
2025-02-11,Harker,0,Notre Dame,0
2025-02-11,North Monterey County,1,North Salinas,0
2025-02-11,Stevenson,1,Palma,1
2025-02-11,More,1,The Nueva School,7
2025-02-11,Scotts Valley,1,San Lorenzo Valley,1
2025-02-11,Pacific Grove,0,Santa Catalina,0
2025-02-11,Alisal,1,Pacific Collegiate,3
2025-02-11,Hillsdale,0,Burlingame,0
2025-02-11,Mills,4,El Camino,2
2025-02-11,Menlo-Atherton,1,Woodside,2
2025-02-11,Aragon,3,Sequoia,0
2025-02-11,Capuchino,0,Carlmont,16
2025-02-11,South San Francisco,0,Terra Nova,2
2025-02-11,King City,2,Seaside,3
2025-02-11,Carmel,0,Monte Vista Christian,4
2025-02-11,Gonzales,4,Greenfield,2
2025-02-11,Milpitas,3,Lynbrook,2
2025-02-11,Saratoga,4,Cupertino,3
2025-02-11,Fremont,5,MacDonald,0
2025-02-11,Gunderson,1,Prospect,2
2025-02-11,San Mateo,2,Half Moon Bay,0
2025-02-11,Pioneer,4,Branham,1
2025-02-11,San Jose,0,Del Mar,3
2025-02-11,Westmont,3,Willow Glen,1
2025-02-11,Hill,1,Yerba Buena,1
2025-02-11,Gilroy,0,Leland,1
2025-02-11,Live Oak,1,Christopher,9
2025-02-11,Santa Cruz,0,Aptos,9
2025-02-11,Harbor,1,Soquel,2
2025-02-11,Overfelt,1,James Lick,3
2025-02-11,Monta Vista,1,Wilcox,1
2025-02-11,Mt. Pleasant,1,Oak Grove,5
2025-02-11,Lincoln,9,Independence,0
2025-02-11,Leigh,4,Piedmont Hills,2
2025-02-11,Silver Creek,2,Ann Sobrato,1
2025-02-11,Santa Teresa,0,Evergreen Valley,4
2025-02-12,Mills,6,Oceana,0
2025-02-12,Saint Francis,0,Valley Christian,1
2025-02-12,KIPP Esperanza,0,The Nueva School,5
2025-02-12,CCPA,0,Anzar,14
2025-02-12,St. Francis,0,York,1
2025-02-12,Summit Preparatory,-1,More,1
2025-02-12,SHCP,0,SICP,2
2025-02-12,Cindy Avitia,0,KIPP Navigate College Prep,1
2025-02-12,Hollister,2,Salinas,6
2025-02-12,Rancho San Juan,1,Soledad,8
2025-02-12,Gunn,1,Mountain View,2
2025-02-12,Santa Clara,3,Palo Alto,1
2025-02-12,Summit Tahoma,0,KIPP San Jose Collegiate,7
2025-02-12,Los Gatos,3,Homestead,2
2025-02-12,LCPA,0,Cristo Rey San Jose Jesuit,0
2025-02-13,Greenfield,0,Stevenson,1
2025-02-13,Pacific Collegiate,0,Carmel,0
2025-02-13,Santa Cruz,5,San Lorenzo Valley,2
2025-02-13,North Salinas,1,Pajaro Valley,5
2025-02-13,Hillsdale,1,Menlo-Atherton,3
2025-02-13,Burlingame,0,Aragon,2
2025-02-13,Jefferson,0,El Camino,3
2025-02-13,Woodside,1,Sequoia,0
2025-02-13,Half Moon Bay,0,Terra Nova,2
2025-02-13,Seaside,-1,Pacific Grove,-1
2025-02-13,Anzar,-1,Marina,-1
2025-02-13,Santa Catalina,1,Gonzales,2
2025-02-13,Cupertino,0,Fremont,3
2025-02-13,Lynbrook,1,Monta Vista,1
2025-02-13,Independence,1,Gunderson,0
2025-02-13,Wilcox,0,Saratoga,1
2025-02-13,MacDonald,0,Milpitas,1
2025-02-13,South San Francisco,2,Capuchino,0
2025-02-13,Piedmont Hills,2,Gilroy,0
2025-02-13,Willow Glen,2,Lincoln,1
2025-02-13,Evergreen Valley,0,Silver Creek,0
2025-02-13,Hill,2,San Jose,1
2025-02-13,Prospect,1,Westmont,2
2025-02-13,Leland,1,Pioneer,1
2025-02-13,James Lick,4,Del Mar,2
2025-02-13,Christopher,3,Santa Teresa,0
2025-02-13,Mt. Pleasant,0,Overfelt,1
2025-02-13,Harbor,0,Aptos,5
2025-02-13,Ann Sobrato,5,Live Oak,0
2025-02-13,Oak Grove,6,Yerba Buena,0
2025-02-14,Sacred Heart Prep,3,Notre Dame,1
2025-02-14,Soledad,4,Monterey,0
2025-02-14,Notre Dame,0,Harker,0
2025-02-14,Menlo School,1,Crystal Springs Uplands,2
2025-02-14,Eastside College Prep,-1,King's Academy,-1
2025-02-14,Design Tech,10,East Palo Alto Academy,0
2025-02-14,Monte Vista Christian,1,North Monterey County,4
2025-02-14,Branham,0,Leigh,5
2025-02-14,Luis Valdez Leadership Academy,1,KIPP Navigate College Prep,9
2025-02-14,Everett Alvarez,0,Hollister,0
2025-02-14,Salinas,5,Rancho San Juan,2
2025-02-14,Palo Alto,1,Los Altos,0
2025-02-14,Mountain View,2,Santa Clara,1
2025-02-14,Homestead,3,Gunn,1
2025-02-14,More,4,KIPP Esperanza,0
2025-02-14,KIPP San Jose Collegiate,1,Cristo Rey San Jose Jesuit,3
2025-02-15,SHCP,1,Archbishop Mitty,3
2025-02-15,LCPA,2,Luis Valdez Leadership Academy,0
2025-02-15,Pacific Collegiate,4,Monte Vista Christian,2
2025-02-15,Valley Christian,1,Presentation,1
2025-02-15,Woodside,0,Menlo School,0
2025-02-15,Aragon,3,The Nueva School,2
2025-02-15,Santa Catalina,1,King City,2
2025-02-17,Notre Dame,1,Menlo School,2
2025-02-17,Harker,0,Sacred Heart Prep,2
2025-02-17,Mercy,-1,King's Academy,-1
2025-02-17,Crystal Springs Uplands,3,Notre Dame,3
2025-02-17,Monterey,3,Watsonville,0
2025-02-18,Summit Tahoma,1,LCPA,6
2025-02-18,North Monterey County,5,St. Francis,1
2025-02-18,King City,3,Santa Catalina,4
2025-02-18,Carlmont,0,San Mateo,0
2025-02-18,Fremont,4,Saratoga,1
2025-02-18,Los Altos,1,Mountain View,0
2025-02-18,Milpitas,1,Cupertino,0
2025-02-18,Mt. Pleasant,0,James Lick,3
2025-02-18,San Jose,0,Oak Grove,5
2025-02-18,Leigh,1,Leland,2
2025-02-18,Yerba Buena,2,Overfelt,1
2025-02-18,Del Mar,1,Hill,6
2025-02-18,Gilroy,0,Pioneer,1
2025-02-19,Presentation,0,Archbishop Mitty,4
2025-02-19,Palma,1,King City,2
2025-02-19,Aragon,0,San Mateo,0
2025-02-19,Scotts Valley,1,Soquel,1
2025-02-19,Notre Dame,3,King's Academy,2
2025-02-19,Santa Clara,0,Homestead,3
2025-02-19,SICP,1,Saint Francis,2
2025-02-19,Gunn,1,Los Gatos,4
2025-02-22,Stevenson,1,Rancho San Juan,2
2025-02-22,Carlmont,1,Menlo School,1
2025-02-22,SICP,1,Leigh,0
2025-02-22,Homestead,2,Aptos,0
2025-02-22,Branham,0,Valley Christian,0
2025-02-22,Saint Francis,2,Pioneer,1
2025-02-22,SHCP,2,Aragon,1
2025-02-22,The Nueva School,2,Saratoga,1
2025-02-22,Woodside,0,Archbishop Mitty,4
2025-02-22,Soquel,3,Willow Glen,1
2025-02-22,Mills,0,Notre Dame,2
2025-02-22,Pajaro Valley,0,Menlo-Atherton,3
2025-02-22,Hollister,2,Christopher,3
2025-02-22,Oak Grove,1,North Monterey County,3
2025-02-22,Evergreen Valley,1,Mountain View,2
2025-02-22,Soledad,1,Palo Alto,2
2025-02-22,San Mateo,1,Fremont,2
2025-02-22,Leland,3,Los Gatos,2
2025-02-22,Crystal Springs Uplands,0,Salinas,6
2025-02-22,Sacred Heart Prep,9,KIPP Navigate College Prep,0
2025-02-25,SICP,0,Archbishop Mitty,1
2025-02-25,Leland,1,Saint Francis,4
2025-02-26,Notre Dame,0,Sacred Heart Prep,5
2025-02-26,Menlo School,2,Menlo-Atherton,1
2025-02-26,Mountain View,1,Palo Alto,0
2025-02-26,Homestead,1,Branham,0
2025-02-26,SHCP,0,Salinas,1
2025-02-26,Rancho San Juan,1,North Monterey County,2
2025-02-26,Soquel,3,Fremont,1
2025-02-26,The Nueva School,2,Christopher,2
2025-02-28,Saint Francis,1,Archbishop Mitty,0
2025-03-01,Salinas,0,Homestead,1
2025-03-01,Menlo School,2,Mountain View,1
2025-03-01,North Monterey County,0,Sacred Heart Prep,7
2025-03-01,Christopher,0,Soquel,0
2025-03-04,Sonoma Valley,0,Sacred Heart Prep,5
2025-03-04,Sonoma Academy,0,Menlo School,1
2025-03-04,SICP,1,Roseville,0
2025-03-04,Archbishop Mitty,1,Monte Vista,0
2025-03-04,Folsom,0,Saint Francis,3
2025-03-04,San Rafael,1,Soquel,4
2025-03-04,Homestead,0,Granite Bay,1
2025-03-04,Marin Academy,2,Leland,1
2025-03-06,Bishop O'Dowd,2,Archbishop Mitty,2
2025-03-06,SICP,1,Marin Academy,1
2025-03-06,Maria Carrillo,1,Menlo School,1
2025-03-06,Sacred Heart Prep,3,Soquel,0
2025-03-06,Amador Valley,0,Saint Francis,2
2025-03-08,Sacred Heart Prep,3,Fresno Christian,2
2025-03-08,Archbishop Mitty,0,Saint Francis,1
